{
    "gridwidth": 15,
    "gridheight": 16,
    "CellCountX": 54,
    "CellCountY": 37,
    "vp-color": [
        0.004329025745391846,
        0.004160362295806408,
        0.004160362295806408,
        1.0
    ],
    "cell-color": [
        1.0,
        0.9999899864196777,
        0.9999899864196777,
        0.0
    ],
    "recents": [
        "C:\\vscode-workspace\\Games\\scene1.json",
        "C:\\vscode-workspace\\Games\\scene2.json"
    ]
}